clingo;
0001.out;0.113541546;0.018384934;0.013093376;0.010422639;0.007771495;0.007249476;0.004125297;0.005723075;0.005550934;0.003415278;
0002.out;0.018297231;0.012349302;0.011696662;0.010722134;0.006645354;0.007010626;0.006313669;0.005055507;0.004763475;0.00475088;
dlv;
0001.out;0.108762677;0.009189668;0.006618297;0.006314603;0.004430858;0.009949603;0.006735389;0.006806764;0.006725126;0.006142928;
0002.out;0.00940426;0.0094803;0.008857051;0.008816464;0.009127157;0.006831489;0.00541005;0.005469762;0.005545336;0.005477694;
dlv2;
0001.out;0.019818968;0.00763481;0.006735855;0.006682208;0.004068851;0.004130895;0.003977416;0.003219812;0.005090495;0.005640037;
0002.out;0.011153185;0.00821794;0.006646286;0.006666347;0.006480678;0.008367221;0.004591801;0.004595534;0.004398202;0.004028264;
