clingo;
0001.out;0.012060536;0.010703008;0.009317956;0.005938133;0.009697691;0.009261976;0.010378321;0.075558301;0.00817922;0.009476101;
0002.out;0.023621911;0.021188624;0.031129365;0.020473008;0.012831667;0.012274661;0.018721284;0.014527411;0.014806379;0.018606991;
dlv;
0001.out;0.004398669;0.003665325;0.005223448;0.004282043;0.004176613;0.003670456;0.003511844;0.003501581;0.003471258;0.00343767;
0002.out;0.019738263;0.014976187;0.032253174;0.01511194;0.010889143;0.010874681;0.01096425;0.010780914;0.010784646;0.01208666;
dlv2;
0001.out;0.004797531;0.00455728;0.004345021;0.004528357;0.00466411;0.006514266;0.004423393;0.004284375;0.004401002;0.004300236;
0002.out;0.014772791;0.021347702;0.015885404;0.011709724;0.013358817;0.011244153;0.011409762;0.011095805;0.017425801;0.017569951;
