clingo;
0001.out;1.79138E-4;4.0119E-5;4.5718E-5;4.665E-5;8.0705E-5;3.8254E-5;4.1519E-5;3.1255E-5;3.079E-5;3.4055E-5;
dlv;
0001.out;2.63108E-4;5.878E-5;6.951E-5;4.8983E-5;4.9916E-5;9.3301E-5;3.6387E-5;3.6388E-5;8.1172E-5;4.805E-5;
dlv2;
0001.out;1.14293E-4;4.7117E-5;4.4318E-5;3.4988E-5;3.872E-5;5.0382E-5;3.9653E-5;8.3971E-5;3.0323E-5;2.8923E-5;
