clingo;
0001.out;3.3495E-4;2.85967E-4;2.85967E-4;2.72905E-4;2.76637E-4;2.70106E-4;2.59376E-4;2.71039E-4;2.71039E-4;2.57511E-4;
dlv;
0001.out;4.2172E-4;3.12558E-4;2.62175E-4;2.74304E-4;2.50046E-4;3.23754E-4;3.38682E-4;2.855E-4;2.75238E-4;2.47714E-4;
dlv2;
0001.out;2.87367E-4;3.34017E-4;2.74305E-4;2.51913E-4;2.36517E-4;2.57044E-4;2.34652E-4;2.32319E-4;2.33252E-4;2.33718E-4;

OLDclingo;
0001.out;4.0119E-5;2.3791E-5;2.3326E-5;1.9127E-5;2.006E-5;2.0993E-5;2.006E-5;1.9593E-5;2.006E-5;2.006E-5;
OLDdlv;
0001.out;5.0382E-5;2.1925E-5;1.866E-5;1.866E-5;1.8193E-5;1.866E-5;1.8194E-5;1.7727E-5;1.8194E-5;1.866E-5;
OLDdlv2;
0001.out;8.397E-6;4.199E-6;3.732E-6;4.199E-6;3.732E-6;3.732E-6;4.665E-6;4.199E-6;4.665E-6;3.732E-6;
